{
  "action":"NONE",
  "actionReason":"No action.",
  "assessments":[
    { "contentPolicy":{
        "filters":[
          {"action":"NONE","confidence":"NONE","detected":false,"filterStrength":"HIGH","type":"SEXUAL"},
          {"action":"NONE","confidence":"NONE","detected":false,"filterStrength":"HIGH","type":"VIOLENCE"},
          {"action":"NONE","confidence":"NONE","detected":false,"filterStrength":"HIGH","type":"HATE"},
          {"action":"NONE","confidence":"NONE","detected":false,"filterStrength":"HIGH","type":"INSULTS"},
          {"action":"NONE","confidence":"NONE","detected":false,"filterStrength":"HIGH","type":"PROMPT_ATTACK"},
          {"action":"NONE","confidence":"NONE","detected":false,"filterStrength":"HIGH","type":"MISCONDUCT"}]
        },
      "invocationMetrics":{
        "guardrailCoverage":{
          "textCharacters":{"guarded":43,"total":43}
        },
        "guardrailProcessingLatency":245,
        "usage":{
          "contentPolicyImageUnits":0,
          "contentPolicyUnits":1,
          "contextualGroundingPolicyUnits":0,
          "sensitiveInformationPolicyFreeUnits":0,
          "sensitiveInformationPolicyUnits":0,
          "topicPolicyUnits":1,
          "wordPolicyUnits":1
        }
      },
      "topicPolicy":{
        "topics":[
          {"action":"NONE","detected":false,"name":"investment topic","type":"DENY"}
        ]
      }
    }
  ],
  "guardrailCoverage":{"textCharacters":{"guarded":43,"total":43}},
  "output":[],
  "outputs":[],
  "usage":{
    "contentPolicyImageUnits":0,
    "contentPolicyUnits":1,
    "contextualGroundingPolicyUnits":0,
    "sensitiveInformationPolicyFreeUnits":0,
    "sensitiveInformationPolicyUnits":0,
    "topicPolicyUnits":1,
    "wordPolicyUnits":1
  }
}