[
    {"apigeePolicy": "AccessControl", "plugins": {"request": {"plugin": "ip-restriction", "mapping": "full"}}},
    {"apigeePolicy": "AccessEntity", "plugins": {"request": {"plugin": "acl", "mapping": "full"}}},
    {"apigeePolicy": "AssertCondition", "plugins": null},
    {"apigeePolicy": "AssignMessage", "plugins": {"request": {"plugin": "request-transformer", "mapping": "partial"}, "response": {"plugin": "response-transformer", "mapping": "partial"}}},
    {"apigeePolicy": "Attribute", "plugins": null},
    {"apigeePolicy": "BasicAuthentication", "plugins": {"request": {"plugin": "basic-auth", "mapping": "full"}}},
    {"apigeePolicy": "ConcurrentRateLimit", "plugins": {"request": {"plugin": "limit-conn", "mapping": "partial"}}},
    {"apigeePolicy": "CORS", "plugins": {"response": {"plugin": "cors", "mapping": "full"}}},
    {"apigeePolicy": "DataCapture", "plugins": null},
    {"apigeePolicy": "DecodeJWS", "plugins": {"request": {"plugin": "jwt", "mapping": "partial"}}},
    {"apigeePolicy": "DecodeJWT", "plugins": {"request": {"plugin": "jwt", "mapping": "partial"}}},
    {"apigeePolicy": "DeleteOAuthV1Info", "plugins": null},
    {"apigeePolicy": "DeleteOAuthV2Info", "plugins": null},
    {"apigeePolicy": "ExtensionCallout", "plugins": null},
    {"apigeePolicy": "ExternalCallout", "plugins": {"request": {"plugin": "pre-function", "mapping": "partial"}}},
    {"apigeePolicy": "ExtractVariables", "plugins": {"request": {"plugin": "request-transformer", "mapping": "partial"}}},
    {"apigeePolicy": "FlowCallout", "plugins": null},
    {"apigeePolicy": "GenerateJWS", "plugins": {"response": {"plugin": "jwt-signer", "mapping": "partial"}}},
    {"apigeePolicy": "GenerateJWT", "plugins": {"response": {"plugin": "jwt-signer", "mapping": "partial"}}},
    {"apigeePolicy": "GetOAuthV1Info", "plugins": null},
    {"apigeePolicy": "GetOAuthV2Info", "plugins": null},
    {"apigeePolicy": "GraphQL", "plugins": null},
    {"apigeePolicy": "HMAC", "plugins": {"request": {"plugin": "hmac-auth", "mapping": "partial"}}},
    {"apigeePolicy": "HTTPModifier", "plugins": {"request": {"plugin": "request-transformer", "mapping": "partial"}}},
    {"apigeePolicy": "IntegrationCallout", "plugins": null},
    {"apigeePolicy": "InvalidateCache", "plugins": {"response": {"plugin": "proxy-cache-advanced", "mapping": "partial"}}},
    {"apigeePolicy": "JavaCallout", "plugins": null},
    {"apigeePolicy": "JavaScript", "plugins": {"request": {"plugin": "pre-function", "mapping": "partial"}}},
    {"apigeePolicy": "JSONThreatProtection", "plugins": {"request": {"plugin": "json-threat-protection", "mapping": "full"}}},
    {"apigeePolicy": "JSONToXML", "plugins": null},
    {"apigeePolicy": "JWT", "plugins": {"request": {"plugin": "jwt", "mapping": "full"}}},
    {"apigeePolicy": "KeyValueMapOperations", "plugins": null},
    {"apigeePolicy": "LatencyAnalysis", "plugins": null},
    {"apigeePolicy": "LDAP", "plugins": {"request": {"plugin": "ldap-auth-advanced", "mapping": "partial"}}},
    {"apigeePolicy": "LookupCache", "plugins": {"request": {"plugin": "proxy-cache-advanced", "mapping": "partial"}}},
    {"apigeePolicy": "MessageLogging", "plugins": {"response": {"plugin": "http-log", "mapping": "partial"}}},
    {"apigeePolicy": "OAuthV1", "plugins": null},
    {"apigeePolicy": "OAuthV2", "plugins": {"request": {"plugin": "oauth2", "mapping": "partial"}}},
    {"apigeePolicy": "OASValidation", "plugins": {"request": {"plugin": "oas-validation", "mapping": "partial"}}},
    {"apigeePolicy": "ParseDialogflowRequest", "plugins": null},
    {"apigeePolicy": "PopulateCache", "plugins": {"response": {"plugin": "proxy-cache-advanced", "mapping": "partial"}}},
    {"apigeePolicy": "PublishMessage", "plugins": null},
    {"apigeePolicy": "PythonScript", "plugins": {"request": {"plugin": "pre-function", "mapping": "partial"}}},
    {"apigeePolicy": "Quota", "plugins": {"request": {"plugin": "rate-limiting-advanced", "mapping": "partial"}}},
    {"apigeePolicy": "RaiseFault", "plugins": {"response": {"plugin": "request-termination", "mapping": "partial"}}},
    {"apigeePolicy": "ReadPropertySet", "plugins": null},
    {"apigeePolicy": "RegularExpressionProtection", "plugins": {"request": {"plugin": "request-validator", "mapping": "partial"}}},
    {"apigeePolicy": "ResetQuota", "plugins": null},
    {"apigeePolicy": "ResponseCache", "plugins": {"response": {"plugin": "proxy-cache-advanced", "mapping": "partial"}}},
    {"apigeePolicy": "RevokeOAuthV2", "plugins": {"request": {"plugin": "oauth2", "mapping": "partial"}}},
    {"apigeePolicy": "SAMLAssertion", "plugins": {"request": {"plugin": "saml", "mapping": "partial"}}},
    {"apigeePolicy": "ServiceCallout", "plugins": null},
    {"apigeePolicy": "SetDialogflowResponse", "plugins": null},
    {"apigeePolicy": "SetIntegrationRequest", "plugins": null},
    {"apigeePolicy": "SetOAuthv2Info", "plugins": null},
    {"apigeePolicy": "SOAPMessageValidation", "plugins": {"request": {"plugin": "request-validator", "mapping": "partial"}}},
    {"apigeePolicy": "SpikeArrest", "plugins": {"request": {"plugin": "rate-limiting", "mapping": "partial"}}},
    {"apigeePolicy": "StatisticsCollector", "plugins": {"response": {"plugin": "prometheus", "mapping": "partial"}}},
    {"apigeePolicy": "SystemLog", "plugins": {"response": {"plugin": "syslog", "mapping": "partial"}}},
    {"apigeePolicy": "TraceCapture", "plugins": {"request": {"plugin": "opentelemetry", "mapping": "partial"}, "response": {"plugin": "opentelemetry", "mapping": "partial"}}},
    {"apigeePolicy": "VerifyAPIKey", "plugins": {"request": {"plugin": "key-auth", "mapping": "full"}}},
    {"apigeePolicy": "VerifyJWS", "plugins": {"request": {"plugin": "jwt", "mapping": "partial"}}},
    {"apigeePolicy": "VerifyJWT", "plugins": {"request": {"plugin": "jwt", "mapping": "partial"}}},
    {"apigeePolicy": "XMLThreatProtection", "plugins": {"request": {"plugin": "xml-threat-protection", "mapping": "full"}}},
    {"apigeePolicy": "XMLToJSON", "plugins": {"request": {"plugin": "xml-to-json", "mapping": "full"}}},
    {"apigeePolicy": "XSLTransform", "plugins": null}
]