{
    "AccessControl": "ip-restriction",
    "AccessEntity": "acl",
    "AssertCondition": null,
    "AssignMessage": "request-transformer",
    "Attribute": null,
    "BasicAuthentication": "basic-auth",
    "ConcurrentRateLimit": "service-protection",
    "CORS": "cors",
    "DataCapture": null,
    "DecodeJWS": "jwt",
    "DecodeJWT": "jwt",
    "DeleteOAuthV1Info": null,
    "DeleteOAuthV2Info": null,
    "ExtensionCallout": null,
    "ExternalCallout": "pre-function",
    "ExtractVariables": null,
    "FlowCallout": null,
    "GenerateJWS": "jwt-signer",
    "GenerateJWT": "jwt-signer",
    "GetOAuthV1Info": null,
    "GetOAuthV2Info": null,
    "GraphQL": null,
    "HMAC": "hmac-auth",
    "HTTPModifier": "request-transformer",
    "IntegrationCallout": null,
    "InvalidateCache": "proxy-cache-advanced",
    "JavaCallout": null,
    "JavaScript": "pre-function",
    "JSONThreatProtection": "json-threat-protection",
    "JSONToXML": null,
    "JWT": "jwt",
    "KeyValueMapOperations": null,
    "LatencyAnalysis": null,
    "LDAP": "ldap-auth-advanced",
    "LookupCache": "proxy-cache-advanced",
    "MessageLogging": "http-log",
    "OAuthV1": null,
    "OAuthV2": "oauth2",
    "OASValidation": "oas-validation",
    "ParseDialogflowRequest": null,
    "PopulateCache": "proxy-cache-advanced",
    "PublishMessage": null,
    "PythonScript": "pre-function",
    "Quota": "rate-limiting-advanced",
    "RaiseFault": "request-termination",
    "ReadPropertySet": null,
    "RegularExpressionProtection": "request-validator",
    "ResetQuota": null,
    "ResponseCache": "proxy-cache-advanced",
    "RevokeOAuthV2": "oauth2",
    "SAMLAssertion": "saml",
    "ServiceCallout": null,
    "SetDialogflowResponse": null,
    "SetIntegrationRequest": null,
    "SetOAuthv2Info": null,
    "SOAPMessageValidation": "request-validator",
    "SpikeArrest": "service-protection",
    "StatisticsCollector": "prometheus",
    "SystemLog": "syslog",
    "TraceCapture": "opentelemetry",
    "VerifyAPIKey": "key-auth",
    "VerifyJWS": "jwt",
    "VerifyJWT": "jwt",
    "XMLThreatProtection": "xml-threat-protection",
    "XMLToJSON": null,
    "XSLTransform": null
}