{
  "$schema": "http://json-schema.org/draft-07/schema#",
  "type": "object",
  "properties": {
    "app_name": {"type": "string"},
    "logging": {
      "type": "object",
      "properties": {
        "level": {"type": "string"},
        "file": {"type": "string"}
      },
      "required": ["level", "file"]
    },
    "conversion": {
      "type": "object",
      "properties": {
        "cache_dir": {"type": "string"},
        "input_dir": {"type": "string"},
        "output_dir": {"type": "string"},
        "max_file_size_mb": {"type": "number"},
        "timeout_seconds": {"type": "number"},
        "retry_attempts": {"type": "number"}
      },
      "required": ["cache_dir", "input_dir", "output_dir", "max_file_size_mb", "timeout_seconds", "retry_attempts"]
    },
    "server": {
      "type": "object",
      "properties": {
        "health_check_port": {"type": "number"},
        "metrics_enabled": {"type": "boolean"}
      },
      "required": ["health_check_port", "metrics_enabled"]
    },
    "kong": {
      "type": "object",
      "properties": {
        "format_version": {"type": "string"},
        "validation_enabled": {"type": "boolean"},
        "admin_url": {"type": "string"},
        "remote_plugins_path": {"type": "string"},
        "restart_command": {"type": "string"}
      },
      "required": ["format_version", "validation_enabled", "admin_url", "remote_plugins_path", "restart_command"]
    },
    "Konnect": {
      "type": "object",
      "properties": {
        "admin_api": {"type": "string"},
        "key": {"type": "string"}
      },
      "required": ["admin_api", "key"]
    },
    "ssh": {
      "type": "object",
      "properties": {
        "target": {"type": "string"},
        "key_path": {"type": "string"}
      },
      "required": ["target", "key_path"]
    },
    "paths": {
      "type": "object",
      "properties": {
        "local_custom_plugins": {"type": "string"},
        "local_generated_plugins": {"type": "string"},
        "backup_base_dir": {"type": "string"},
        "tracker_file": {"type": "string"}
      },
      "required": ["local_custom_plugins", "local_generated_plugins", "backup_base_dir", "tracker_file"]
    }
  },
  "required": ["app_name", "logging", "conversion", "server", "kong", "Konnect", "ssh", "paths"]
}
