{
  "kong_plugin_functionalities": {
    "ACL": ["Restrict access to APIs based on consumer groups"],
    "Basic Auth": ["Enforce HTTP Basic Authentication"],
    "CORS": ["Add CORS headers to responses"],
    "Rate Limiting": ["Limit the number of requests per consumer or service", "Enforce quota limits", "Spike arrest (limit request bursts)", "Limit the number of concurrent requests"],
    "File Log": ["Log request and response data"],
    "HTTP Log": ["Log request and response data"],
    "TCP Log": ["Log request and response data"],
    "JWT": ["Decode and validate JWT tokens", "JWT token validation"],
    "Request Transformer": ["Modify request headers, query params, and body", "Extract variables from request payloads"],
    "Response Transformer": ["Modify response headers and body", "Set error responses"],
    "HMAC Auth": ["Enforce HMAC authentication"],
    "LDAP Auth (community)": ["Authenticate using LDAP"],
    "OpenAPI Spec Validator (community)": ["Validate requests against OpenAPI spec"],
    "OAuth 2.0 (community)": ["OAuth 2.0 authentication and authorization"],
    "GraphQL (community)": ["GraphQL query validation and rate limiting"],
    "Prometheus": ["Expose metrics for monitoring", "Collect and expose statistics"],
    "Key Auth": ["API key validation"],
    "Proxy Cache": ["Cache responses to improve performance"]
  },
  "custom_lua_plugin_functionalities": {
    "custom_access_entity": ["Extract entity information from request and inject into headers"],
    "custom_assert_condition": ["Evaluate custom conditions on requests/responses"],
    "custom_decode_jjs": ["Decode JJS tokens"],
    "custom_decode_jws": ["Decode JWS tokens"],
    "custom_delete_oauthv2_info": ["Delete OAuth v2 tokens or info"],
    "custom_external_callout": ["Call external services and process results"],
    "custom_extension_callout": ["Invoke external extensions"],
    "custom_extract_variables": ["Extract variables from complex payloads (JSON/XML) and set as headers or context"],
    "custom_flow_callout": ["Call shared flows"],
    "custom_generate_jws": ["Generate JWS tokens"],
    "custom_get_oauthv2_info": ["Get OAuth v2 tokens or info"],
    "custom_invalidate_cache": ["Invalidate cache"],
    "custom_integration_callout": ["Call integration endpoints"],
    "custom_java_callout": ["Run Java code"],
    "custom_javascript": ["Run JavaScript code"],
    "custom_json_threat_protection": ["Advanced JSON threat protection (beyond request validator)"],
    "custom_json_to_xml": ["Convert JSON to XML"],
    "custom_kv_map_operations": ["Read/write key-value pairs"],
    "custom_lookup_cache": ["Read from cache"],
    "custom_monetization_limits_check": ["Enforce monetization limits"],
    "custom_parse_dialogflow_request": ["Parse Dialogflow request payloads"],
    "custom_populate_cache": ["Write to cache"],
    "custom_publish_message": ["Publish messages"],
    "custom_python_script": ["Run Python code"],
    "custom_read_property_set": ["Read property sets"],
    "custom_regex_protection": ["Regex-based request validation"],
    "custom_reset_quota": ["Reset quota"],
    "custom_revoke_oauthv2": ["Revoke OAuth v2 tokens"],
    "custom_script": ["Run custom scripts"],
    "custom_service_callout": ["Call external services"],
    "custom_set_dialogflow_response": ["Set Dialogflow response"],
    "custom_set_integration_request": ["Set integration request"],
    "custom_set_oauthv2_info": ["Set OAuth v2 info"],
    "custom_soap_message_validation": ["Validate SOAP messages"],
    "custom_trace_capture": ["Capture trace data"],
    "custom_verify_iam": ["IAM validation"],
    "custom_verify_jws": ["JWS token validation"],
    "custom_xml_threat_protection": ["XML threat protection"],
    "custom_xml_to_json": ["Convert XML to JSON"],
    "custom_xsl_transform": ["XSLT transformations"]
  },
  "apigee_policy_advanced_functionalities": {
    "OAuth2Introspection": ["Introspect OAuth2 tokens for validity and claims"],
    "OpenIDConnect": ["OpenID Connect authentication and user info retrieval"],
    "MutualTLS": ["Mutual TLS authentication and certificate validation"],
    "AdvancedThreatProtection": ["Detect and block advanced threats using custom logic or external services"],
    "PIIRedaction": ["Redact or mask personally identifiable information in requests and responses"],
    "DynamicRouting": ["Route requests dynamically based on payload, headers, or external lookups"],
    "AdvancedQuota": ["Quota enforcement with custom time windows, hierarchical limits, or monetization integration"],
    "CustomAnalytics": ["Send custom analytics events to external systems"],
    "AIContentModeration": ["Moderate content using AI/ML models"],
    "SemanticValidation": ["Validate requests and responses using semantic or AI-based rules"],
    "AdvancedCaching": ["Cache with custom invalidation, prefetch, or distributed cache integration"],
    "WebSocketSupport": ["Handle and secure WebSocket connections"],
    "gRPCSupport": ["Proxy and transform gRPC requests and responses"],
    "AdvancedLogging": ["Log with custom formats, destinations, or correlation IDs"],
    "CustomRateLimiting": ["Rate limiting with custom keys, algorithms, or distributed enforcement"],
    "AdvancedTransformation": ["Complex request/response transformation using scripting or external services"],
    "ZeroTrustSecurity": ["Implement zero-trust security patterns, continuous authentication, and authorization"],
    "APIComposition": ["Aggregate responses from multiple backend APIs"],
    "EventDrivenIntegration": ["Trigger and handle events for asynchronous integrations"]
  },
  "custom_plugin_status": {
    "custom_access_entity": "not_created",
    "custom_assert_condition": "not_created",
    "custom_decode_jjs": "not_created",
    "custom_decode_jws": "not_created",
    "custom_delete_oauthv2_info": "not_created",
    "custom_external_callout": "not_created",
    "custom_extension_callout": "not_created",
    "custom_extract_variables": "not_created",
    "custom_flow_callout": "not_created",
    "custom_generate_jws": "not_created",
    "custom_get_oauthv2_info": "not_created",
    "custom_invalidate_cache": "not_created",
    "custom_integration_callout": "not_created",
    "custom_java_callout": "not_created",
    "custom_javascript": "not_created",
    "custom_json_threat_protection": "not_created",
    "custom_json_to_xml": "not_created",
    "custom_kv_map_operations": "not_created",
    "custom_lookup_cache": "not_created",
    "custom_monetization_limits_check": "not_created",
    "custom_parse_dialogflow_request": "not_created",
    "custom_populate_cache": "not_created",
    "custom_publish_message": "not_created",
    "custom_python_script": "not_created",
    "custom_read_property_set": "not_created",
    "custom_regex_protection": "not_created",
    "custom_reset_quota": "not_created",
    "custom_revoke_oauthv2": "not_created",
    "custom_script": "not_created",
    "custom_service_callout": "not_created",
    "custom_set_dialogflow_response": "not_created",
    "custom_set_integration_request": "not_created",
    "custom_set_oauthv2_info": "not_created",
    "custom_soap_message_validation": "not_created",
    "custom_trace_capture": "not_created",
    "custom_verify_iam": "not_created",
    "custom_verify_jws": "not_created",
    "custom_xml_threat_protection": "not_created",
    "custom_xml_to_json": "not_created",
    "custom_xsl_transform": "not_created"
  },
  "apigee_policy_requirements": {
    "AccessControl": {
      "category": "security",
      "kong_plugins": ["ACL"],
      "custom_lua_plugin_needed": false
    },
    "AccessEntity": {
      "category": "mediation",
      "kong_plugins": [],
      "custom_lua_plugin_needed": true
    },
    "AssertCondition": {
      "category": "other",
      "kong_plugins": [],
      "custom_lua_plugin_needed": true
    },
    "AssignMessage": {
      "category": "mediation",
      "kong_plugins": ["Request Transformer", "Response Transformer"],
      "custom_lua_plugin_needed": false
    },
    "BasicAuthentication": {
      "category": "security",
      "kong_plugins": ["Basic Auth"],
      "custom_lua_plugin_needed": false
    },
    "CORS": {
      "category": "other",
      "kong_plugins": ["CORS"],
      "custom_lua_plugin_needed": false
    },
    "ConcurrentRateLimit": {
      "category": "traffic_management",
      "kong_plugins": ["Rate Limiting"],
      "custom_lua_plugin_needed": false
    },
    "DataCapture": {
      "category": "other",
      "kong_plugins": ["File Log", "HTTP Log", "TCP Log"],
      "custom_lua_plugin_needed": false
    },
    "DecodeJJS": {
      "category": "other",
      "kong_plugins": [],
      "custom_lua_plugin_needed": true
    },
    "DecodeJWS": {
      "category": "security",
      "kong_plugins": [],
      "custom_lua_plugin_needed": true
    },
    "DecodeJWT": {
      "category": "security",
      "kong_plugins": ["JWT"],
      "custom_lua_plugin_needed": false
    },
    "DeleteOAuthv2Info": {
      "category": "security",
      "kong_plugins": [],
      "custom_lua_plugin_needed": true
    },
    "ExternalCallout": {
      "category": "other",
      "kong_plugins": [],
      "custom_lua_plugin_needed": true
    },
    "ExtensionCallout": {
      "category": "extension",
      "kong_plugins": [],
      "custom_lua_plugin_needed": true
    },
    "ExtractVariables": {
      "category": "mediation",
      "kong_plugins": ["Request Transformer"],
      "custom_lua_plugin_needed": false
    },
    "FlowCallout": {
      "category": "extension",
      "kong_plugins": [],
      "custom_lua_plugin_needed": true
    },
    "GenerateJWS": {
      "category": "security",
      "kong_plugins": [],
      "custom_lua_plugin_needed": true
    },
    "GenerateJWT": {
      "category": "security",
      "kong_plugins": ["JWT Signer (community)"],
      "custom_lua_plugin_needed": false
    },
    "GetOAuthv2Info": {
      "category": "security",
      "kong_plugins": [],
      "custom_lua_plugin_needed": true
    },
    "GraphQL": {
      "category": "other",
      "kong_plugins": ["GraphQL (community)"],
      "custom_lua_plugin_needed": false
    },
    "HMAC": {
      "category": "security",
      "kong_plugins": ["HMAC Auth"],
      "custom_lua_plugin_needed": false
    },
    "HTTPModifier": {
      "category": "other",
      "kong_plugins": ["Request Transformer", "Response Transformer"],
      "custom_lua_plugin_needed": false
    },
    "InvalidateCache": {
      "category": "traffic_management",
      "kong_plugins": [],
      "custom_lua_plugin_needed": true
    },
    "IntegrationCallout": {
      "category": "other",
      "kong_plugins": [],
      "custom_lua_plugin_needed": true
    },
    "JavaCallout": {
      "category": "extension",
      "kong_plugins": [],
      "custom_lua_plugin_needed": true
    },
    "JavaScript": {
      "category": "extension",
      "kong_plugins": [],
      "custom_lua_plugin_needed": true
    },
    "JSONThreatProtection": {
      "category": "security",
      "kong_plugins": ["Request Validator"],
      "custom_lua_plugin_needed": false
    },
    "JSONToXML": {
      "category": "mediation",
      "kong_plugins": [],
      "custom_lua_plugin_needed": true
    },
    "KeyValueMapOperations": {
      "category": "mediation",
      "kong_plugins": [],
      "custom_lua_plugin_needed": true
    },
    "LDAP": {
      "category": "security",
      "kong_plugins": ["LDAP Auth (community)"],
      "custom_lua_plugin_needed": false
    },
    "LookupCache": {
      "category": "traffic_management",
      "kong_plugins": [],
      "custom_lua_plugin_needed": true
    },
    "MessageLogging": {
      "category": "extension",
      "kong_plugins": ["File Log", "HTTP Log", "TCP Log"],
      "custom_lua_plugin_needed": false
    },
    "MonetizationLimitsCheck": {
      "category": "mediation",
      "kong_plugins": [],
      "custom_lua_plugin_needed": true
    },
    "OASValidation": {
      "category": "mediation",
      "kong_plugins": ["OpenAPI Spec Validator (community)"],
      "custom_lua_plugin_needed": false
    },
    "OAuthV2": {
      "category": "security",
      "kong_plugins": ["OAuth 2.0 (community)"],
      "custom_lua_plugin_needed": false
    },
    "ParseDialogflowRequest": {
      "category": "other",
      "kong_plugins": [],
      "custom_lua_plugin_needed": true
    },
    "PopulateCache": {
      "category": "traffic_management",
      "kong_plugins": [],
      "custom_lua_plugin_needed": true
    },
    "ResponseCache": {
      "category": "traffic_management",
      "kong_plugins": ["Proxy Cache"],
      "custom_lua_plugin_needed": false
    },
    "PublishMessage": {
      "category": "other",
      "kong_plugins": [],
      "custom_lua_plugin_needed": true
    },
    "PythonScript": {
      "category": "extension",
      "kong_plugins": [],
      "custom_lua_plugin_needed": true
    },
    "Quota": {
      "category": "traffic_management",
      "kong_plugins": ["Rate Limiting"],
      "custom_lua_plugin_needed": false
    },
    "RaiseFault": {
      "category": "mediation",
      "kong_plugins": ["Response Transformer"],
      "custom_lua_plugin_needed": false
    },
    "ReadPropertySet": {
      "category": "other",
      "kong_plugins": [],
      "custom_lua_plugin_needed": true
    },
    "RegularExpressionProtection": {
      "category": "security",
      "kong_plugins": [],
      "custom_lua_plugin_needed": true
    },
    "ReportAsMetrics": {
      "category": "other",
      "kong_plugins": ["Prometheus"],
      "custom_lua_plugin_needed": false
    },
    "ResetQuota": {
      "category": "traffic_management",
      "kong_plugins": [],
      "custom_lua_plugin_needed": true
    },
    "RevokeOAuthV2": {
      "category": "security",
      "kong_plugins": [],
      "custom_lua_plugin_needed": true
    },
    "SAMLAssertion": {
      "category": "security",
      "kong_plugins": ["SAML (community)"],
      "custom_lua_plugin_needed": false
    },
    "Script": {
      "category": "other",
      "kong_plugins": [],
      "custom_lua_plugin_needed": true
    },
    "ServiceCallout": {
      "category": "extension",
      "kong_plugins": [],
      "custom_lua_plugin_needed": true
    },
    "SetDialogflowResponse": {
      "category": "other",
      "kong_plugins": [],
      "custom_lua_plugin_needed": true
    },
    "SetIntegrationRequest": {
      "category": "other",
      "kong_plugins": [],
      "custom_lua_plugin_needed": true
    },
    "SetOAuthv2Info": {
      "category": "security",
      "kong_plugins": [],
      "custom_lua_plugin_needed": true
    },
    "SOAPMessageValidation": {
      "category": "mediation",
      "kong_plugins": [],
      "custom_lua_plugin_needed": true
    },
    "SpikeArrest": {
      "category": "traffic_management",
      "kong_plugins": ["Rate Limiting"],
      "custom_lua_plugin_needed": false
    },
    "StatisticsCollector": {
      "category": "extension",
      "kong_plugins": ["Prometheus"],
      "custom_lua_plugin_needed": false
    },
    "TraceCapture": {
      "category": "other",
      "kong_plugins": [],
      "custom_lua_plugin_needed": true
    },
    "VerifyAPIKey": {
      "category": "security",
      "kong_plugins": ["Key Auth"],
      "custom_lua_plugin_needed": false
    },
    "VerifyIAM": {
      "category": "other",
      "kong_plugins": [],
      "custom_lua_plugin_needed": true
    },
    "VerifyJWS": {
      "category": "security",
      "kong_plugins": [],
      "custom_lua_plugin_needed": true
    },
    "VerifyJWT": {
      "category": "security",
      "kong_plugins": ["JWT"],
      "custom_lua_plugin_needed": false
    },
    "XMLThreatProtection": {
      "category": "security",
      "kong_plugins": [],
      "custom_lua_plugin_needed": true
    },
    "XMLToJSON": {
      "category": "mediation",
      "kong_plugins": [],
      "custom_lua_plugin_needed": true
    },
    "XSLTransform": {
      "category": "mediation",
      "kong_plugins": [],
      "custom_lua_plugin_needed": true
    }
  },
    "kong_plugins_categories": {
    "ai": [
      "AI AWS Guardrails",
      "AI Azure Content Safety",
      "AI GCP Model Armor",
      "AI LLM as Judge",
      "AI Lakera Guard",
      "AI MCP OAuth2",
      "AI MCP Proxy",
      "AI PII Sanitizer",
      "AI Prompt Compressor",
      "AI Prompt Decorator",
      "AI Prompt Guard",
      "AI Prompt Template",
      "AI Proxy",
      "AI Proxy Advanced",
      "AI RAG Injector",
      "AI Rate Limiting Advanced",
      "AI Request Transformer",
      "AI Response Transformer",
      "AI Semantic Cache",
      "AI Semantic Prompt Guard",
      "AI Semantic Response Guard"
    ],
    "analytics_and_monitoring": [
      "AppDynamics",
      "Datadog",
      "OpenTelemetry",
      "Prometheus",
      "StatsD",
      "Zipkin"
    ],
    "authentication": [
      "Basic Auth",
      "HMAC Auth",
      "Header Cert Authentication",
      "JWE Decrypt",
      "JWT",
      "JWT Signer",
      "Key Auth",
      "Key Authentication - Encrypted",
      "LDAP Authentication",
      "LDAP Authentication Advanced",
      "Mutual TLS Authentication",
      "OAuth 2.0 Authentication",
      "OAuth 2.0 Introspection",
      "OpenID Connect",
      "SAML",
      "Session",
      "Upstream OAuth",
      "Vault Authentication"
    ],
    "logging": [
      "File Log",
      "HTTP Log",
      "Kafka Log",
      "Loggly",
      "Solace Log",
      "Syslog",
      "TCP Log",
      "UDP Log"
    ],
    "security": [
      "ACME",
      "Bot Detection",
      "CORS",
      "IP Restriction",
      "Injection Protection",
      "JSON Threat Protection",
      "OPA",
      "TLS Handshake Modifier",
      "TLS Metadata Headers"
    ],
    "serverless": [
      "AWS Lambda",
      "Azure Functions",
      "Post-Function",
      "Pre-Function",
      "OpenWhisk"
    ],
    "traffic_control": [
      "ACL",
      "Access Control Enforcement",
      "Canary Release",
      "Confluent Consume",
      "Forward Proxy Advanced",
      "GraphQL Proxy Caching Advanced",
      "GraphQL Rate Limiting Advanced",
      "Kafka Consume",
      "Mocking",
      "OAS Validation",
      "Proxy Cache",
      "Proxy Caching Advanced",
      "Rate Limiting",
      "Rate Limiting Advanced",
      "Redirect",
      "Request Size Limiting",
      "Request Termination",
      "Request Validator",
      "Response Rate Limiting",
      "Route By Header",
      "Service Protection",
      "Solace Consume",
      "Standard Webhooks",
      "Upstream Timeout",
      "WebSocket Size Limit",
      "WebSocket Validator",
      "XML Threat Protection"
    ],
    "transformations": [
      "Confluent",
      "Correlation ID",
      "Datakit",
      "DeGraphQL",
      "Exit Transformer",
      "Kafka Upstream",
      "Request Callout",
      "Request Transformer",
      "Request Transformer Advanced",
      "Response Transformer",
      "Response Transformer Advanced",
      "Route Transformer Advanced",
      "Solace Upstream",
      "gRPC-Gateway",
      "gRPC-Web",
      "jq"
    ]
  }
}             