{
  "plugins": {
    "oauth2": {
      "required_fields": ["client_id", "client_secret"],
      "allowed_fields": ["client_id", "client_secret", "enable_authz", "scopes", "mandatory_scope", "auth_header_name", "reuse_authentication", "token_introspection_endpoint", "token_introspection_ssl_verify"],
      "default_fields": {},
      "min_version": "0.14.0",
      "max_version": "3.x.x"
    },
    "jwt": {
      "required_fields": [],
      "allowed_fields": ["uri_param_names", "claims_arg", "algorithm", "secret_is_base64"],
      "default_fields": {},
      "min_version": "0.14.0",
      "max_version": "3.x.x"
    },
    "cors": {
      "required_fields": [],
      "allowed_fields": ["origins", "methods", "headers", "exposed_headers", "credentials", "max_age", "preflight_continue"],
      "default_fields": {
        "origins": "*",
        "methods": "GET, HEAD, PUT, PATCH, POST, DELETE",
        "max_age": 3600
      },
      "min_version": "0.10.0",
      "max_version": "3.x.x"
    },
    "basic-auth": {
      "required_fields": [],
      "allowed_fields": [],
      "default_fields": {},
      "min_version": "0.10.0",
      "max_version": "3.x.x"
    },
    "ldap-auth": {
      "required_fields": ["ldap_host"],
      "allowed_fields": ["ldap_host", "ldap_port", "start_tls", "base_dn", "attribute", "cache_ttl", "hide_credentials"],
      "default_fields": {
        "ldap_port": 389,
        "start_tls": false
      },
      "min_version": "0.14.0",
      "max_version": "3.x.x"
    },
    "saml": {
      "required_fields": ["issuer"],
      "allowed_fields": ["issuer", "idp_sso_target_url", "idp_certificate", "kong_entity_id", "assertion_consumer_service_path", "signature_algorithm", "digest_algorithm", "session_duration"],
      "default_fields": {},
      "min_version": "0.14.0",
      "max_version": "3.x.x"
    },
    "statsd": {
      "required_fields": ["host"],
      "allowed_fields": ["host", "port", "prefix", "metrics", "udp_packet_size"],
      "default_fields": {
        "port": 8125,
        "prefix": "kong"
      },
      "min_version": "0.10.0",
      "max_version": "3.x.x"
    },
    "rate-limiting": {
      "required_fields": ["second", "minute", "hour", "day", "month", "year"],
      "allowed_fields": ["second", "minute", "hour", "day", "month", "year", "limit_by", "policy", "fault_tolerant"],
      "default_fields": {
        "policy": "local",
        "second": 0,
        "minute": 0,
        "hour": 0,
        "day": 0,
        "month": 0,
        "year": 0
      },
      "min_version": "0.10.0",
      "max_version": "3.x.x"
    },
    "proxy-cache": {
      "required_fields": [],
      "allowed_fields": ["cache_ttl", "cache_control", "request_method", "response_code", "vary_headers", "vary_query_params", "content_type", "strategy"],
      "default_fields": {
        "strategy": "memory",
        "cache_ttl": 300
      },
      "min_version": "0.14.0",
      "max_version": "3.x.x"
    },
    "response-transformer": {
      "required_fields": [],
      "allowed_fields": ["remove", "rename", "replace", "add", "append"],
      "default_fields": {},
      "min_version": "0.10.0",
      "max_version": "3.x.x"
    },
    "request-transformer": {
      "required_fields": [],
      "allowed_fields": ["remove", "rename", "replace", "add", "append"],
      "default_fields": {},
      "min_version": "0.10.0",
      "max_version": "3.x.x"
    },
    "key-auth": {
      "required_fields": [],
      "allowed_fields": ["key_names", "hide_credentials", "key_in_body"],
      "default_fields": {
        "key_names": ["apikey"],
        "hide_credentials": true
      },
      "min_version": "0.10.0",
      "max_version": "3.x.x"
    },
    "ip-restriction": {
      "required_fields": ["allow", "deny"],
      "allowed_fields": ["allow", "deny"],
      "default_fields": {},
      "min_version": "0.10.0",
      "max_version": "3.x.x"
    },
    "http-log": {
      "required_fields": ["http_endpoint"],
      "allowed_fields": ["http_endpoint", "method", "headers", "keepalive", "timeout"],
      "default_fields": {
        "method": "POST",
        "timeout": 5000
      },
      "min_version": "0.10.0",
      "max_version": "3.x.x"
    },
    "request-validator": {
      "required_fields": [],
      "allowed_fields": ["version", "schema_uri", "content_type", "param_schema"],
      "default_fields": {},
      "min_version": "2.0.0",
      "max_version": "3.x.x"
    }
  },
  "kong_enterprise_plugins": {
    "saml": {
      "required_fields": ["issuer", "certificate"],
      "allowed_fields": ["issuer", "certificate", "idp_sso_target_url", "idp_certificate", "kong_entity_id", "assertion_consumer_service_path", "signature_algorithm", "digest_algorithm", "session_duration"],
      "default_fields": {},
      "min_version": "0.35.0",
      "max_version": "3.x.x"
    }
  }
}
