{
    "AssignMessage": {
        "kongPluginName": "request-transformer",
        "description": "Transforms requests/responses similar to Apigee AssignMessage policy."
    },
    "VerifyAPIKey": {
        "kongPluginName": "key-auth",
        "description": "Authenticates consumers using API keys, similar to Apigee VerifyAPIKey."
    },
    "Quota": {
        "kongPluginName": "rate-limiting",
        "description": "Applies rate limiting based on a quota, similar to Apigee Quota."
    },
    "SpikeArrest": {
        "kongPluginName": "rate-limiting",
        "description": "Protects against traffic spikes, similar to Apigee SpikeArrest."
    },
    "OAuthV2": {
        "kongPluginName": "oauth2",
        "description": "Handles OAuth 2.0 token validation."
    },
    "JSONThreatProtection": {
        "kongPluginName": "json-schema-validation",
        "description": "Validates JSON request bodies against a schema."
    },
    "XMLThreatProtection": {
        "kongPluginName": "xml-schema-validation",
        "description": "Validates XML request bodies against a schema."
    },
    "MessageLogging": {
        "kongPluginName": "file-log",
        "description": "Logs request/response messages to a file or other logging destination."
    },
    "JavaScript": {
        "kongPluginName": "custom_javascript_plugin",
        "description": "Maps to a custom Lua plugin generated from JavaScript."
    },
    "PythonScript": {
        "kongPluginName": "custom_python_plugin",
        "description": "Maps to a custom Lua plugin generated from Python."
    },
    "JavaCallout": {
        "kongPluginName": "custom_java_plugin",
        "description": "Maps to a custom Lua plugin generated from Java (or a wrapper for Java execution)."
    }
}
