{
  "Access-Control": ["cors"],
  "Access-Entity": ["custom_access_entity"],
  "Assign-Message": ["request-transformer", "response-transformer"],
  "CORS": ["cors"],
  "Basic-Authentication": ["basic-auth"],
  "Extract-Variables": ["request-transformer", "custom_extract_variables"],
  "Flow-Callout": ["custom_flow_callout"],
  "GraphQL": ["graphql-rate-limiting-advanced"],
  "Invalidate-Cache": ["custom_invalidate_cache"],
  "JSON-Threat-Protection": ["request-size-limiting", "request-validator", "custom_json_threat_protection"],
  "JSON-to-XML": ["custom_json_to_xml"],
  "KeyValueMap-Operations": ["custom_kv_map_operations"],
  "Lookup-Cache": ["custom_lookup_cache", "proxy-cache"],
  "Message-Logging": ["http-log", "file-log", "custom_trace_capture"],
  "OAuth-v2": ["oauth2"],
  "Populate-Cache": ["custom_populate_cache", "proxy-cache"],
  "Quota": ["rate-limiting"],
  "Raise-Fault": ["response-transformer", "custom_assert_condition"],
  "Regular-Expression-Protection": ["custom_regex_protection"],
  "Reset-Quota": ["custom_reset_quota"],
  "Response-Cache": ["proxy-cache"],
  "SAML-Assertion": ["custom_verify_iam"],
  "Service-Callout": ["custom_service_callout"],
  "SOAP-Message-Validation": ["custom_soap_message_validation"],
  "Spike-Arrest": ["rate-limiting-advanced"],
  "Statistics-Collector": ["prometheus"],
  "Verify-API-Key": ["key-auth"],
  "XML-Threat-Protection": ["request-size-limiting", "custom_xml_threat_protection"],
  "XML-to-JSON": ["custom_xml_to_json"],
  "XSL-Transform": ["custom_xsl_transform"],
  "JWS-Generate": ["custom_generate_jws"],
  "JWS-Verify": ["custom_verify_jws"],
  "JWS-Decode": ["custom_decode_jws"],
  "Data-Capture": ["http-log", "file-log", "tcp-log"],
  "Integration-Callout": ["custom_integration_callout"],
  "Set-Integration-Request": ["custom_set_integration_request"]
}