{
  "AccessControl": [
    { "plugin_name": "ip-restriction", "api_flow": "request" }
   
  ],
    { "plugin_name": "acl", "api_flow": "request" },
  "AccessEntity": [
    { "plugin_name": "acl", "api_flow": "request" }
   
  ],

  "AssertCondition": [
    { "plugin_name": "assertcondition", "api_flow": "both" },
    { "plugin_name": "request-termination", "api_flow": "request" },
    { "plugin_name": "pre-function", "api_flow": "request" },
    { "plugin_name": "post-function", "api_flow": "response" }
   
  ],
    { "plugin_name": "pre-function", "api_flow": "request" },
    { "plugin_name": "post-function", "api_flow": "response" }
    { "plugin_name": "request-transformer", "api_flow": "request" },
    { "plugin_name": "response-transformer", "api_flow": "response" },
    { "plugin_name": "request-transformer-advanced", "api_flow": "request" },
    { "plugin_name": "pre-function", "api_flow": "request" },
    { "plugin_name": "post-function", "api_flow": "response" }
    { "plugin_name": "post-function", "api_flow": "response" }
   
  ],
    { "plugin_name": "acl", "api_flow": "request" },
  "Attribute": [
    { "plugin_name": "attribute", "api_flow": "both" }
    { "plugin_name": "pre-function", "api_flow": "request" }
    { "plugin_name": "post-function", "api_flow": "response" }
   
  ],

  "BasicAuthentication": [
    { "plugin_name": "basic-auth", "api_flow": "request" }
    { "plugin_name": "http-log", "api_flow": "both" },
   
  ],

  "ConcurrentRateLimit": [
    { "plugin_name": "rate-limiting-advanced", "api_flow": "request" }
   
  ],

  "CORS": [
    { "plugin_name": "openid-connect", "api_flow": "request" },
   
  ],

    { "plugin_name": "openid-connect", "api_flow": "request" },
    { "plugin_name": "datacapture", "api_flow": "both" }
    { "plugin_name": "http-log", "api_flow": "both" }
    { "plugin_name": "file-log", "api_flow": "both" }
    { "plugin_name": "openid-connect", "api_flow": "request" },
    { "plugin_name": "splunk-log", "api_flow": "both" }
    { "plugin_name": "datadog", "api_flow": "both" }
    "AccessControl": [
      { "plugin_name": "ip-restriction", "api_flow": "request" }
    ],
    "AccessEntity": [
      { "plugin_name": "acl", "api_flow": "request" }
    ],
    "AssignMessage": [
      { "plugin_name": "request-transformer", "api_flow": "request" },
      { "plugin_name": "response-transformer", "api_flow": "response" }
    ],
    "BasicAuthentication": [
      { "plugin_name": "basic-auth", "api_flow": "request" }
    ],
    "CORS": [
      { "plugin_name": "cors", "api_flow": "both" }
    ],
    "DecodeJWS": [
      { "plugin_name": "jwt", "api_flow": "request" }
    ],
    "DecodeJWT": [
      { "plugin_name": "jwt", "api_flow": "request" }
    ],
    "ExtractVariables": [
      { "plugin_name": "request-transformer", "api_flow": "request" },
      { "plugin_name": "response-transformer", "api_flow": "response" }
    ],
    "HMAC": [
      { "plugin_name": "hmac-auth", "api_flow": "request" }
    ],
    "HTTPModifier": [
      { "plugin_name": "request-transformer", "api_flow": "request" },
      { "plugin_name": "response-transformer", "api_flow": "response" }
    ],
    "JavaScript": [
      { "plugin_name": "javascript", "api_flow": "both" }
    ],
    "JSONThreatProtection": [
      { "plugin_name": "request-validator", "api_flow": "request" }
    ],
    "JWT": [
      { "plugin_name": "jwt", "api_flow": "request" }
    ],
    "KeyValueMapOperations": [
      { "plugin_name": "key-auth", "api_flow": "request" }
    ],
    "LDAP": [
      { "plugin_name": "ldap-auth", "api_flow": "request" }
    ],
    "MessageLogging": [
      { "plugin_name": "http-log", "api_flow": "both" },
      { "plugin_name": "file-log", "api_flow": "both" }
    ],
    "OAuthV2": [
      { "plugin_name": "oauth2", "api_flow": "request" }
    ],
    "Quota": [
      { "plugin_name": "rate-limiting-advanced", "api_flow": "request" }
    ],
    "RaiseFault": [
      { "plugin_name": "request-termination", "api_flow": "request" }
    ],
    "ResponseCache": [
      { "plugin_name": "proxy-cache-advanced", "api_flow": "response" }
    ],
    "SpikeArrest": [
      { "plugin_name": "rate-limiting", "api_flow": "request" }
    ],
    "StatisticsCollector": [
      { "plugin_name": "prometheus", "api_flow": "both" }
    ],
    "SystemLog": [
      { "plugin_name": "file-log", "api_flow": "both" }
    ],
    "TraceCapture": [
      { "plugin_name": "http-log", "api_flow": "both" }
    ],
    "VerifyAPIKey": [
      { "plugin_name": "key-auth", "api_flow": "request" }
    ],
    "VerifyJWS": [
      { "plugin_name": "jwt", "api_flow": "request" }
    ],
    "VerifyJWT": [
      { "plugin_name": "jwt", "api_flow": "request" }
    ],
    "XMLThreatProtection": [
      { "plugin_name": "request-validator", "api_flow": "request" }
    ],
    "XMLToJSON": [
      { "plugin_name": "response-transformer-advanced", "api_flow": "response" }
    ]
  "JSONToXML": [
    { "plugin_name": "jsontoxml", "api_flow": "both" }
    { "plugin_name": "request-transformer-advanced", "api_flow": "request" }
   
  ],

  "JWT": [
    { "plugin_name": "jwt", "api_flow": "request" }
   
  ],

  "KeyValueMapOperations": [
    { "plugin_name": "keyvaluemapoperations", "api_flow": "both" }
    { "plugin_name": "vault-auth", "api_flow": "request" }
   
  ],

  "LatencyAnalysis": [
    { "plugin_name": "latencyanalysis", "api_flow": "both" }
    { "plugin_name": "prometheus", "api_flow": "both" }
   
  ],

  "LDAP": [
    { "plugin_name": "ldap-auth", "api_flow": "request" }
   
  ],

  "LookupCache": [
    { "plugin_name": "proxy-cache-advanced", "api_flow": "request" }
   
  ],

  "MessageLogging": [
    { "plugin_name": "http-log", "api_flow": "both" }
    { "plugin_name": "file-log", "api_flow": "both" }
   
  ],

  "OAuthV2": [
    { "plugin_name": "oauth2", "api_flow": "request" }
    { "plugin_name": "openid-connect", "api_flow": "request" }
   
  ],

  "OASValidation": [
    { "plugin_name": "oas-validation", "api_flow": "request" }
   
  ],

  "ParseDialogflowRequest": [
    { "plugin_name": "parsedialogflowrequest", "api_flow": "both" }
    { "plugin_name": "pre-function", "api_flow": "request" }
   
  ],

  "PopulateCache": [
    { "plugin_name": "proxy-cache-advanced", "api_flow": "response" }
   
  ],

  "PublishMessage": [
    { "plugin_name": "publishmessage", "api_flow": "both" }
    { "plugin_name": "kafka-log", "api_flow": "response" }
   
  ],

  "PythonScript": [
    { "plugin_name": "python", "api_flow": "both" }
   
  ],

  "Quota": [
    { "plugin_name": "rate-limiting-advanced", "api_flow": "request" }
   
  ],

  "RaiseFault": [
    { "plugin_name": "request-termination", "api_flow": "request" }
   
  ],

  "ReadPropertySet": [
    { "plugin_name": "readpropertyset", "api_flow": "both" }
    { "plugin_name": "pre-function", "api_flow": "request" }
   
  ],

  "RegularExpressionProtection": [
    { "plugin_name": "request-validator", "api_flow": "request" }
   
  ],

  "ResetQuota": [
    { "plugin_name": "resetquota", "api_flow": "both" }
    { "plugin_name": "pre-function", "api_flow": "request" }
   
  ],

  "ResponseCache": [
    { "plugin_name": "proxy-cache-advanced", "api_flow": "response" }
   
  ],

  "RevokeOAuthV2": [
    { "plugin_name": "oauth2", "api_flow": "request" }
    { "plugin_name": "openid-connect", "api_flow": "request" }
   
  ],

  "SAMLAssertion": [
    { "plugin_name": "openid-connect", "api_flow": "request" }
   
  ],

  "ServiceCallout": [
    { "plugin_name": "servicecallout", "api_flow": "both" }
    { "plugin_name": "request-callout", "api_flow": "request" }
   
  ],

  "SetDialogflowResponse": [
    { "plugin_name": "setdialogflowresponse", "api_flow": "both" }
    { "plugin_name": "post-function", "api_flow": "response" }
   
  ],

  "SetIntegrationRequest": [
    { "plugin_name": "setintegrationrequest", "api_flow": "both" }
    { "plugin_name": "pre-function", "api_flow": "request" }
   
  ],

  "SetOAuthv2Info": [
    { "plugin_name": "setoauthv2info", "api_flow": "both" }
    { "plugin_name": "oauth2", "api_flow": "request" }
    { "plugin_name": "openid-connect", "api_flow": "request" }
   
  ],

  "SOAPMessageValidation": [
    { "plugin_name": "soapvalidation", "api_flow": "both" }
   
  ],

  "SpikeArrest": [
    { "plugin_name": "rate-limiting", "api_flow": "request" }
   
  ],

  "StatisticsCollector": [
    { "plugin_name": "prometheus", "api_flow": "both" }
   
  ],

  "SystemLog": [
    { "plugin_name": "file-log", "api_flow": "both" }
   
  ],

  "TraceCapture": [
    { "plugin_name": "http-log", "api_flow": "both" }
   
  ],

  "VerifyAPIKey": [
    { "plugin_name": "key-auth", "api_flow": "request" }
   
  ],

  "VerifyJWS": [
    { "plugin_name": "jwt", "api_flow": "request" }
    { "plugin_name": "openid-connect", "api_flow": "request" }
   
  ],

  "VerifyJWT": [
    { "plugin_name": "jwt", "api_flow": "request" }
    { "plugin_name": "openid-connect", "api_flow": "request" }
   
  ],

  "XMLThreatProtection": [
    { "plugin_name": "request-validator", "api_flow": "request" }
   
  ],

  "XMLToJSON": [
    { "plugin_name": "response-transformer-advanced", "api_flow": "response" }
   
  ],

  "XSLTransform": [
    { "plugin_name": "xsltransform", "api_flow": "both" }
   
  ]
}