{
  "apigee_variables": {
      "apiproxy.name": "kong.service.name",
      "apiproxy.displayname": "kong.service.display_name",
      "apiproxy.basepaths": "kong.service.paths",
      "apiproxy.revision": "kong.service.revision",
      "apiproxy.description": "kong.service.description",
      "apiproxy.createdby": "kong.service.created_by",
      "apiproxy.createdat": "kong.service.created_at",
      "apiproxy.lastmodifiedby": "kong.service.last_modified_by",
      "apiproxy.lastmodifiedat": "kong.service.last_modified_at",
      "apiproxy.policies": "kong.service.policies",
      "apiproxy.resources": "kong.service.resources",
      "apiproxy.proxies": "kong.service.proxies",
      "apiproxy.targets": "kong.service.targets",
      "apiproxy.flows": "kong.service.flows",
      "apiproxy.endpoints": "kong.service.endpoints",
      "apiproxy.targetendpoints": "kong.service.target_endpoints",
      "apiproxy.proxyendpoints": "kong.service.proxy_endpoints",
      "apiproxy.routeRules": "kong.service.route_rules",
      "apiproxy.routeRule": "kong.service.route_rule",
      "apiproxy.faultRules": "kong.service.fault_rules",
      "apiproxy.faultRule": "kong.service.fault_rule",
      "apiproxy.defaultFaultRule": "kong.service.default_fault_rule",
      "apiproxy.preFlow": "kong.service.pre_flow",
      "apiproxy.postFlow": "kong.service.post_flow",
      "apiproxy.flow": "kong.service.flow",
      "apiproxy.step": "kong.service.step",
      "apiproxy.condition": "kong.service.condition",
      "apiproxy.description": "kong.service.description",
      "apiproxy.basePath": "kong.service.base_path",
      "apiproxy.connection": "kong.service.connection",
      "apiproxy.httpProxyConnection": "kong.service.http_proxy_connection",
      "apiproxy.tlsInfo": "kong.service.tls_info",
      "apiproxy.sslInfo": "kong.service.ssl_info",
      "apiproxy.properties": "kong.service.properties",
      "apiproxy.property": "kong.service.property"
    "request.header": "kong.request.headers",
    "request.queryparam": "kong.request.query",
    "request.verb": "kong.request.method",
    "request.path": "kong.request.path",
    "request.uri": "kong.request.uri",
    "request.content": "kong.request.body",
    "request.formparam": "kong.request.form",
    "request.scheme": "kong.request.scheme",
    "request.port": "kong.request.port",
    "request.host": "kong.request.host",
    "request.size": "kong.request.size",
    "request.time": "kong.request.time",
    "request.ssl": "kong.request.tls",
    "request.useragent": "kong.request.headers['user-agent']",
    "request.method": "kong.request.method",
    "request.url": "kong.request.url",
    "request.pathinfo": "kong.request.path",
    "request.match": "kong.request.path_matches",
    "request.pathmatches": "kong.request.path_matches",
    "response.header": "kong.response.headers",
    "response.status": "kong.response.status",
    "response.content": "kong.response.body",
    "response.reasonphrase": "kong.response.reason",
    "response.size": "kong.response.size",
    "response.time": "kong.response.time",
    "response.latency": "kong.response.latency",
    "context.flow": "kong.ctx.flow",
    "context.proxyname": "kong.ctx.proxy_name",
    "context.proxybasepath": "kong.ctx.proxy_base_path",
    "context.targetname": "kong.ctx.target_name",
    "context.targetbasepath": "kong.ctx.target_base_path",
    "context.apiproduct.name": "kong.ctx.api_product_name",
    "context.organization.name": "kong.ctx.organization_name",
    "context.environment.name": "kong.ctx.environment_name",
    "context.deployment.name": "kong.ctx.deployment_name",
    "context.deployment.type": "kong.ctx.deployment_type",
    "context.deployment.version": "kong.ctx.deployment_version",
    "error.statuscode": "kong.error.status_code",
    "error.reasonphrase": "kong.error.reason",
    "error.message": "kong.error.message",
    "error.response": "kong.error.response",
    "error.code": "kong.error.code",
    "client.ip": "kong.client.ip",
    "client.port": "kong.client.port",
    "client.ssl": "kong.client.tls",
    "client.scheme": "kong.client.scheme",
    "client.host": "kong.client.host",
    "client.useragent": "kong.client.user_agent",
    "target.url": "kong.service.url",
    "target.basepath": "kong.service.path",
    "target.host": "kong.service.host",
    "target.port": "kong.service.port",
    "target.scheme": "kong.service.protocol"
  },
  "conditional_operators": {
    "==": "==",
    "!=": "~=",
    "<": "<",
    ">": ">",
    "<=" : "<=",
    ">=": ">=",
    "and": "and",
    "or": "or",
    "not": "not"
  },
  "conditional_keywords": {
    "if": "if",
    "else": "else",
    "elseif": "elseif",
    "then": "then",
    "end": "end",
    "matches": "matches",
    "notmatches": "not matches",
    "pathmatches": "path_matches",
    "contains": "in",
    "notcontains": "not in",
    "exists": "exists",
    "notexists": "not exists",
    "empty": "empty",
    "notempty": "not empty"
  },
  "other_parameters": {
    "apigee.assignmessage.set": "kong.request-transformer.add",
    "apigee.assignmessage.remove": "kong.request-transformer.remove",
    "apigee.assignmessage.replace": "kong.request-transformer.replace",
    "apigee.assignmessage.append": "kong.request-transformer.append",
    "apigee.raisefault": "kong.request-termination",
    "apigee.quota": "kong.rate-limiting",
    "apigee.oauthv2": "kong.oauth2",
    "apigee.messagevalidation": "kong.request-validator",
    "apigee.statisticscollector": "kong.prometheus",
    "apigee.responsecache": "kong.proxy-cache-advanced"
  }
}
