{

              "license": {

                             "version": 1,

                             "signature": "52b7c73cab718bb459c329a15e3b5aeb989f3be0a74d33c439e4fede2950c29d2f51bcf20237b0c83407cb2a7576699ef8942064ec114d78fdb02b8369229f26",

                             "payload": {

                                           "customer": "Coforge",

                                           "license_creation_date": "2025-09-01",

                                           "product_subscription": "Kong Enterprise Subscription",

                                           "support_plan": "Platinum",

                                           "admin_seats": "Unlimited",

                                           "dataplanes": "5",

                                           "license_expiration_date": "2026-09-01",

                                           "license_key": "0011K00002UIXsiQAH_a1VPJ0000024JzS2AU"

                             }

              }

}