Policy,Type,Notes
Access-Control,CORS,"Supports standard CORS headers. Can be mapped to Kong's CORS plugin."
Access-Entity,Custom,"Requires custom plugin. Extracts specific information (e.g., from a JWT) and places it in a header."
Assign-Message,Transformation,"Can be mapped to Kong's Request Transformer and Response Transformer plugins."
Basic-Authentication,Security,"Can be mapped to Kong's Basic Authentication plugin."
Extract-Variables,Transformation,"Complex policy. Can be partially mapped to Kong's Request Transformer, but often requires a custom plugin for advanced cases (e.g., JSON/XML payloads)."
Flow-Callout,Custom,"Requires a custom plugin to execute another shared flow."
GraphQL,Security,"Can be mapped to Kong's GraphQL Rate Limiting plugin, but not a direct equivalent."
Invalidate-Cache,Cache,"Can be mapped to a custom plugin that invalidates cache entries."
JSON-Threat-Protection,Security,"Can be partially mapped to Kong's Request Size Limiting and Request Validator plugins."
JSON-to-XML,Transformation,"Can be mapped to a custom JSON-to-XML transformation plugin."
Java-Callout,Custom,"Requires a custom plugin to execute Java code."
JavaScript,Custom,"Requires a custom plugin to execute JavaScript code. A sub-tool for this is in development."
KeyValueMap-Operations,Custom,"Can be mapped to a custom plugin that interacts with a key-value store."
Lookup-Cache,Cache,"Can be mapped to Kong's Proxy Cache plugin."
Message-Logging,Logging,"Can be mapped to Kong's logging plugins (e.g., file-log, http-log)."
OAuth-v2,Security,"Can be mapped to Kong's OAuth2 Authentication plugin."
Populate-Cache,Cache,"Can be mapped to Kong's Proxy Cache plugin."
Python-Script,Custom,"Requires a custom plugin to execute Python code."
Quota,Rate-Limiting,"Can be mapped to Kong's Rate Limiting plugin."
Raise-Fault,Transformation,"Can be mapped to Kong's Response Transformer or a custom plugin to generate fault responses."
Regular-Expression-Protection,Security,"Can be mapped to a custom plugin that performs regex matching on request content."
Reset-Quota,Rate-Limiting,"Requires a custom plugin to reset quota counters."
Response-Cache,Cache,"Can be mapped to Kong's Proxy Cache plugin."
SAML-Assertion,Security,"Requires a custom plugin for SAML assertion validation."
Service-Callout,Custom,"Can be mapped to a custom plugin to make external service calls."
SOAP-Message-Validation,Security,"Requires a custom plugin for SOAP message validation."
Spike-Arrest,Rate-Limiting,"Can be mapped to Kong's Rate Limiting plugin (specifically, the `rate-limiting-advanced` variant)."
Statistics-Collector,Logging,"Can be mapped to Kong's Prometheus or other metrics plugins."
Verify-API-Key,Security,"Can be mapped to Kong's Key Authentication plugin."
XML-Threat-Protection,Security,"Can be partially mapped to Kong's Request Size Limiting plugin."
XML-to-JSON,Transformation,"Can be mapped to a custom XML-to-JSON transformation plugin."
XSL-Transform,Transformation,"Requires a custom plugin to perform XSL transformations."
JWS-Generate,Security,"Requires a custom plugin for JWS generation."
JWS-Verify,Security,"Requires a custom plugin for JWS verification."
JWS-Decode,Security,"Requires a custom plugin for JWS decoding."
Data-Capture,Logging,"Can be mapped to Kong's logging plugins."
Integration-Callout,Custom,"Requires a custom plugin for integration callouts."
Set-Integration-Request,Custom,"Requires a custom plugin for setting integration requests."
